id,grupo,aceito,ponte_1,ponte_2,novo,foco_editorial,alerta,imagem
EA001,Frango,Nugget de frango empanado,Mesmo nugget em tiras,Tiras de frango com empanado fino,Tiras de frango assadas,formato / apresentação,"Confirmar alergias, capacidade de mastigar e preparo seguro para a idade.",cartoes_svg/EA001.svg
EA002,Frango,Nugget de frango,Mesmo nugget redondo,Bolinho de frango com massa semelhante,Bolinho de frango sem empanado,textura / preparo,"Confirmar alergias, capacidade de mastigar e preparo seguro para a idade.",cartoes_svg/EA002.svg
EA003,Frango,Frango desfiado no pastel,Mesmo recheio fora do pastel,Frango desfiado com pouco caldo,Frango desfiado no prato,ingrediente / sabor,"Confirmar alergias, capacidade de mastigar e preparo seguro para a idade.",cartoes_svg/EA003.svg
EA004,Frango,Frango desfiado seco,Frango desfiado com gotas de caldo,Frango desfiado mais úmido,Frango ao molho suave,separação / visibilidade,"Confirmar alergias, capacidade de mastigar e preparo seguro para a idade.",cartoes_svg/EA004.svg
EA005,Frango,Filé de frango grelhado,Filé em tiras da mesma espessura,Tiras grelhadas em cubos,Cubinhos de frango grelhado,temperatura / recipiente,"Confirmar alergias, capacidade de mastigar e preparo seguro para a idade.",cartoes_svg/EA005.svg
EA006,Frango,Frango assado crocante,Mesmo frango sem pele em parte,Tiras de frango assado sem pele,Frango assado macio,formato / apresentação,"Confirmar alergias, capacidade de mastigar e preparo seguro para a idade.",cartoes_svg/EA006.svg
EA007,Frango,Pastel de frango,Mesmo pastel menor,Massa assada com frango aparente,Mini torta de frango,textura / preparo,"Confirmar alergias, capacidade de mastigar e preparo seguro para a idade.",cartoes_svg/EA007.svg
EA008,Frango,Panqueca de frango,Mesma panqueca aberta,Frango ao lado da massa,Frango desfiado separado,ingrediente / sabor,"Confirmar alergias, capacidade de mastigar e preparo seguro para a idade.",cartoes_svg/EA008.svg
EA009,Frango,Frango cozido em cubos,Mesmos cubos em palitos,Palitos de frango grelhados,Espetinho de frango sem ponta,separação / visibilidade,"Confirmar alergias, capacidade de mastigar e preparo seguro para a idade.",cartoes_svg/EA009.svg
EA010,Frango,Caldo de frango coado,Caldo com fios visíveis,Caldo com frango bem desfiado,Sopa de frango com pedaços,temperatura / recipiente,"Confirmar alergias, capacidade de mastigar e preparo seguro para a idade.",cartoes_svg/EA010.svg
EA011,Carne bovina,Hambúrguer bovino,Mesmo hambúrguer em tiras,Tiras de carne moída prensada,Almôndega bovina,formato / apresentação,"Confirmar alergias, capacidade de mastigar e preparo seguro para a idade.",cartoes_svg/EA011.svg
EA012,Carne bovina,Carne moída no pastel,Mesmo recheio fora da massa,Carne moída ao lado da massa,Carne moída no prato,textura / preparo,"Confirmar alergias, capacidade de mastigar e preparo seguro para a idade.",cartoes_svg/EA012.svg
EA013,Carne bovina,Almôndega ao molho,Mesma almôndega com menos molho,Almôndega pequena sem molho,Bolinho de carne assado,ingrediente / sabor,"Confirmar alergias, capacidade de mastigar e preparo seguro para a idade.",cartoes_svg/EA013.svg
EA014,Carne bovina,Carne bovina bem passada,Mesmo bife em tiras,Tiras de bife menos tostadas,Bife macio,separação / visibilidade,"Confirmar alergias, capacidade de mastigar e preparo seguro para a idade.",cartoes_svg/EA014.svg
EA015,Carne bovina,Molho de carne homogêneo,Molho com grânulos mínimos,Molho com carne moída visível,Carne moída com molho,temperatura / recipiente,"Confirmar alergias, capacidade de mastigar e preparo seguro para a idade.",cartoes_svg/EA015.svg
EA016,Carne bovina,Quibe assado,Mesmo quibe em bolinhas,Bolinho de carne e trigo,Almôndega sem trigo,formato / apresentação,"Confirmar alergias, capacidade de mastigar e preparo seguro para a idade.",cartoes_svg/EA016.svg
EA017,Carne bovina,Pastel de carne,Pastel aberto mostrando a carne,Massa e carne lado a lado,Carne moída separada,textura / preparo,"Confirmar alergias, capacidade de mastigar e preparo seguro para a idade.",cartoes_svg/EA017.svg
EA018,Carne bovina,Hambúrguer no pão,Mesmo hambúrguer com pão aberto,Hambúrguer ao lado do pão,Hambúrguer no prato,ingrediente / sabor,"Confirmar alergias, capacidade de mastigar e preparo seguro para a idade.",cartoes_svg/EA018.svg
EA019,Carne bovina,Carne desfiada no macarrão,Carne visível sobre macarrão,Carne ao lado do macarrão,Carne desfiada isolada,separação / visibilidade,"Confirmar alergias, capacidade de mastigar e preparo seguro para a idade.",cartoes_svg/EA019.svg
EA020,Carne bovina,Caldo de carne coado,Caldo com fios de carne,Caldo com carne desfiada,Sopa com carne bovina,temperatura / recipiente,"Confirmar alergias, capacidade de mastigar e preparo seguro para a idade.",cartoes_svg/EA020.svg
EA021,Carne suína,Presunto no sanduíche,Mesmo presunto aparente,Presunto em tiras ao lado,Presunto em cubinhos,formato / apresentação,"Cozinhar bem; embutidos como presunto não devem ser opção habitual, especialmente para pequenos.",cartoes_svg/EA021.svg
EA022,Carne suína,Lombo assado bem fino,Mesmo lombo em tiras,Lombo em cubos pequenos,Lombo assado em pedaços,textura / preparo,"Cozinhar bem; embutidos como presunto não devem ser opção habitual, especialmente para pequenos.",cartoes_svg/EA022.svg
EA023,Carne suína,Carne suína desfiada no pastel,Mesmo recheio visível,Desfiado ao lado da massa,Carne suína desfiada no prato,ingrediente / sabor,"Cozinhar bem; embutidos como presunto não devem ser opção habitual, especialmente para pequenos.",cartoes_svg/EA023.svg
EA024,Carne suína,Bolinho de porco empanado,Mesmo bolinho com empanado fino,Bolinho assado levemente crocante,Bolinho suíno sem crosta,separação / visibilidade,"Cozinhar bem; embutidos como presunto não devem ser opção habitual, especialmente para pequenos.",cartoes_svg/EA024.svg
EA025,Carne suína,Hambúrguer suíno,Mesmo disco cortado em tiras,Tiras de carne suína prensada,Almôndega suína,temperatura / recipiente,"Cozinhar bem; embutidos como presunto não devem ser opção habitual, especialmente para pequenos.",cartoes_svg/EA025.svg
EA026,Carne suína,Lombo em molho liso,Lombo com menos molho,Lombo em cubos sem molho,Cubos de lombo assado,formato / apresentação,"Cozinhar bem; embutidos como presunto não devem ser opção habitual, especialmente para pequenos.",cartoes_svg/EA026.svg
EA027,Carne suína,Carne suína assada crocante,Mesma carne com menos crosta,Tira suína assada macia,Lombo macio,textura / preparo,"Cozinhar bem; embutidos como presunto não devem ser opção habitual, especialmente para pequenos.",cartoes_svg/EA027.svg
EA028,Carne suína,Sanduíche de pernil,Pernil aparente no pão aberto,Pernil ao lado do pão,Pernil desfiado separado,ingrediente / sabor,"Cozinhar bem; embutidos como presunto não devem ser opção habitual, especialmente para pequenos.",cartoes_svg/EA028.svg
EA029,Carne suína,Almôndega suína ao molho,Mesma almôndega com menos molho,Almôndega sem molho,Carne suína moída cozida,separação / visibilidade,"Cozinhar bem; embutidos como presunto não devem ser opção habitual, especialmente para pequenos.",cartoes_svg/EA029.svg
EA030,Carne suína,Caldo suave de pernil,Caldo com fios de pernil,Caldo com pernil desfiado,Sopa com pernil,temperatura / recipiente,"Cozinhar bem; embutidos como presunto não devem ser opção habitual, especialmente para pequenos.",cartoes_svg/EA030.svg
EA031,Ovos,Ovo mexido bem seco,Ovo mexido um pouco mais úmido,Ovo mexido macio,Omelete macia,formato / apresentação,"Confirmar alergias, capacidade de mastigar e preparo seguro para a idade.",cartoes_svg/EA031.svg
EA032,Ovos,Omelete fina,Mesma omelete em tiras,Tiras de omelete mais grossas,Omelete dobrada,textura / preparo,"Confirmar alergias, capacidade de mastigar e preparo seguro para a idade.",cartoes_svg/EA032.svg
EA033,Ovos,Ovo cozido apenas clara,Clara com ponto de gema à vista,Clara e pouco de gema lado a lado,Ovo cozido completo,ingrediente / sabor,"Confirmar alergias, capacidade de mastigar e preparo seguro para a idade.",cartoes_svg/EA033.svg
EA034,Ovos,Panqueca com ovo na massa,Mesma massa menos doce,Panqueca com ovo perceptível,Omelete fina,separação / visibilidade,"Confirmar alergias, capacidade de mastigar e preparo seguro para a idade.",cartoes_svg/EA034.svg
EA035,Ovos,Ovo mexido no pão,Pão aberto com ovo aparente,Ovo ao lado do pão,Ovo mexido separado,temperatura / recipiente,"Confirmar alergias, capacidade de mastigar e preparo seguro para a idade.",cartoes_svg/EA035.svg
EA036,Ovos,Omelete com queijo,Omelete com menos queijo,Omelete de ovo mais visível,Omelete simples,formato / apresentação,"Confirmar alergias, capacidade de mastigar e preparo seguro para a idade.",cartoes_svg/EA036.svg
EA037,Ovos,Bolinho assado de ovo,Mesmo bolinho em fatias,Fatia de ovo assado,Omelete assada,textura / preparo,"Confirmar alergias, capacidade de mastigar e preparo seguro para a idade.",cartoes_svg/EA037.svg
EA038,Ovos,Ovo cozido picado no arroz,Ovo visível sobre arroz,Ovo ao lado do arroz,Ovo cozido em pedaços,ingrediente / sabor,"Confirmar alergias, capacidade de mastigar e preparo seguro para a idade.",cartoes_svg/EA038.svg
EA039,Ovos,Crepioca de ovo,Crepioca com menos goma,Disco fino mais parecido com ovo,Omelete de ovo,separação / visibilidade,"Confirmar alergias, capacidade de mastigar e preparo seguro para a idade.",cartoes_svg/EA039.svg
EA040,Ovos,Ovo mexido muito pequeno,Mesmo ovo em grumos maiores,Grumos unidos em tira,Omelete em tiras,temperatura / recipiente,"Confirmar alergias, capacidade de mastigar e preparo seguro para a idade.",cartoes_svg/EA040.svg
EA041,Leite e derivados,Iogurte natural liso,Mesmo iogurte em outro copo,Iogurte um pouco mais firme,Coalhada lisa,formato / apresentação,"Confirmar alergias, capacidade de mastigar e preparo seguro para a idade.",cartoes_svg/EA041.svg
EA042,Leite e derivados,Queijo muçarela derretido,Mesmo queijo menos derretido,Queijo em tiras macias,Queijo em fatias,textura / preparo,"Confirmar alergias, capacidade de mastigar e preparo seguro para a idade.",cartoes_svg/EA042.svg
EA043,Leite e derivados,Leite com achocolatado,Mesmo leite com menos achocolatado,Leite levemente aromatizado,Leite puro,ingrediente / sabor,"Confirmar alergias, capacidade de mastigar e preparo seguro para a idade.",cartoes_svg/EA043.svg
EA044,Leite e derivados,Iogurte de morango liso,Mesmo iogurte menos doce,Iogurte natural com morango coado,Iogurte natural,separação / visibilidade,"Confirmar alergias, capacidade de mastigar e preparo seguro para a idade.",cartoes_svg/EA044.svg
EA045,Leite e derivados,Queijo ralado no macarrão,Queijo visível separado,Queijo em fios maiores,Queijo em tiras,temperatura / recipiente,"Confirmar alergias, capacidade de mastigar e preparo seguro para a idade.",cartoes_svg/EA045.svg
EA046,Leite e derivados,Vitamina de banana com leite,Mesma vitamina mais espessa,Iogurte de banana liso,Iogurte natural com banana,formato / apresentação,"Confirmar alergias, capacidade de mastigar e preparo seguro para a idade.",cartoes_svg/EA046.svg
EA047,Leite e derivados,Pão de queijo crocante,Mesmo pão de queijo mais macio,Bolinho de queijo macio,Queijo em cubinhos adequados,textura / preparo,"Confirmar alergias, capacidade de mastigar e preparo seguro para a idade.",cartoes_svg/EA047.svg
EA048,Leite e derivados,Requeijão no pão,Pão com requeijão visível,Requeijão ao lado do pão,Requeijão em colher,ingrediente / sabor,"Confirmar alergias, capacidade de mastigar e preparo seguro para a idade.",cartoes_svg/EA048.svg
EA049,Leite e derivados,Sorvete de leite liso,Mesmo sorvete menos gelado,Iogurte congelado parcialmente,Iogurte frio,separação / visibilidade,"Confirmar alergias, capacidade de mastigar e preparo seguro para a idade.",cartoes_svg/EA049.svg
EA050,Leite e derivados,Iogurte de beber,Mesmo iogurte mais espesso,Iogurte de colher liso,Coalhada de colher,temperatura / recipiente,"Confirmar alergias, capacidade de mastigar e preparo seguro para a idade.",cartoes_svg/EA050.svg
EA051,Leite de vaca para bebida vegetal,Leite de vaca puro,Leite e bebida de aveia em copos lado a lado,Leite com pequena parte de bebida de aveia,Bebida de aveia sem açúcar,formato / apresentação,"Não substituir leite/fórmula por bebida vegetal em lactentes; avaliar alergia, fortificação, proteína e cálcio com a equipe.",cartoes_svg/EA051.svg
EA052,Leite de vaca para bebida vegetal,Leite de vaca puro,Leite e bebida de soja lado a lado,Leite com pequena parte de bebida de soja,Bebida de soja fortificada,textura / preparo,"Não substituir leite/fórmula por bebida vegetal em lactentes; avaliar alergia, fortificação, proteína e cálcio com a equipe.",cartoes_svg/EA052.svg
EA053,Leite de vaca para bebida vegetal,Leite morno,Leite morno com pequeno teor de aveia,Mistura morna com mais aveia,Bebida de aveia morna,ingrediente / sabor,"Não substituir leite/fórmula por bebida vegetal em lactentes; avaliar alergia, fortificação, proteína e cálcio com a equipe.",cartoes_svg/EA053.svg
EA054,Leite de vaca para bebida vegetal,Leite gelado,Leite gelado com pequeno teor de soja,Mistura gelada com mais soja,Bebida de soja gelada,separação / visibilidade,"Não substituir leite/fórmula por bebida vegetal em lactentes; avaliar alergia, fortificação, proteína e cálcio com a equipe.",cartoes_svg/EA054.svg
EA055,Leite de vaca para bebida vegetal,Vitamina de banana com leite,Vitamina com pequena parte de aveia,Vitamina com mais bebida de aveia,Vitamina de banana com aveia,temperatura / recipiente,"Não substituir leite/fórmula por bebida vegetal em lactentes; avaliar alergia, fortificação, proteína e cálcio com a equipe.",cartoes_svg/EA055.svg
EA056,Leite de vaca para bebida vegetal,Cacau com leite de vaca,Cacau com pequena parte de soja,Cacau com mais bebida de soja,Cacau com bebida de soja,formato / apresentação,"Não substituir leite/fórmula por bebida vegetal em lactentes; avaliar alergia, fortificação, proteína e cálcio com a equipe.",cartoes_svg/EA056.svg
EA057,Leite de vaca para bebida vegetal,Mingau com leite de vaca,Mesmo mingau com parte de bebida de aveia,Mingau com maioria de bebida de aveia,Mingau com bebida de aveia,textura / preparo,"Não substituir leite/fórmula por bebida vegetal em lactentes; avaliar alergia, fortificação, proteína e cálcio com a equipe.",cartoes_svg/EA057.svg
EA058,Leite de vaca para bebida vegetal,Leite em copo opaco,Mistura de leite e aveia identificada,Bebida de aveia no mesmo copo,Bebida de aveia em copo escolhido,ingrediente / sabor,"Não substituir leite/fórmula por bebida vegetal em lactentes; avaliar alergia, fortificação, proteína e cálcio com a equipe.",cartoes_svg/EA058.svg
EA059,Leite de vaca para bebida vegetal,Leite com cereal,Cereal e copo de soja ao lado,Cereal com pouca bebida de soja,Cereal com bebida de soja,separação / visibilidade,"Não substituir leite/fórmula por bebida vegetal em lactentes; avaliar alergia, fortificação, proteína e cálcio com a equipe.",cartoes_svg/EA059.svg
EA060,Leite de vaca para bebida vegetal,Iogurte de leite liso,Iogurte vegetal apresentado ao lado,Pequena colher de iogurte vegetal,Iogurte de soja liso,temperatura / recipiente,"Não substituir leite/fórmula por bebida vegetal em lactentes; avaliar alergia, fortificação, proteína e cálcio com a equipe.",cartoes_svg/EA060.svg
EA061,Verduras e legumes,Batata frita,Batata em palito de forno crocante,Batata assada em palitos macios,Batata cozida em palitos,formato / apresentação,Adaptar corte e maciez à idade; evitar fruta redonda inteira e vegetais crus duros nos pequenos.,cartoes_svg/EA061.svg
EA062,Verduras e legumes,Purê de batata,Purê com ponto de cenoura ao lado,Purê de batata e pouca cenoura visível,Purê de cenoura,textura / preparo,Adaptar corte e maciez à idade; evitar fruta redonda inteira e vegetais crus duros nos pequenos.,cartoes_svg/EA062.svg
EA063,Verduras e legumes,Cenoura cozida em rodelas,Mesma cenoura em meias-luas,Cenoura cozida em palitos,Cenoura assada em palitos,ingrediente / sabor,Adaptar corte e maciez à idade; evitar fruta redonda inteira e vegetais crus duros nos pequenos.,cartoes_svg/EA063.svg
EA064,Verduras e legumes,Abóbora em sopa lisa,Sopa um pouco mais espessa,Purê liso de abóbora,Abóbora cozida amassada,separação / visibilidade,Adaptar corte e maciez à idade; evitar fruta redonda inteira e vegetais crus duros nos pequenos.,cartoes_svg/EA064.svg
EA065,Verduras e legumes,Chuchu escondido no arroz,Chuchu mínimo visível ao lado,Cubinho de chuchu ao lado do arroz,Chuchu cozido em cubos,temperatura / recipiente,Adaptar corte e maciez à idade; evitar fruta redonda inteira e vegetais crus duros nos pequenos.,cartoes_svg/EA065.svg
EA066,Verduras e legumes,Milho cozido solto,Milho em pequena porção à parte,Milho misturado com pouco brócolis picado,Brócolis cozido picado,formato / apresentação,Adaptar corte e maciez à idade; evitar fruta redonda inteira e vegetais crus duros nos pequenos.,cartoes_svg/EA066.svg
EA067,Verduras e legumes,Abobrinha em bolinho,Mesmo bolinho com abobrinha visível,Abobrinha cozida em palito,Abobrinha assada em palito,textura / preparo,Adaptar corte e maciez à idade; evitar fruta redonda inteira e vegetais crus duros nos pequenos.,cartoes_svg/EA067.svg
EA068,Verduras e legumes,Tomate no molho liso,Molho com pedacinhos pequenos,Molho com tomate em cubinhos,Tomate sem sementes em cubos,ingrediente / sabor,Adaptar corte e maciez à idade; evitar fruta redonda inteira e vegetais crus duros nos pequenos.,cartoes_svg/EA068.svg
EA069,Verduras e legumes,Beterraba no suco,Beterraba cozida em purê liso,Purê com pequenos grãos,Beterraba cozida em cubos,separação / visibilidade,Adaptar corte e maciez à idade; evitar fruta redonda inteira e vegetais crus duros nos pequenos.,cartoes_svg/EA069.svg
EA070,Verduras e legumes,Legume empanado crocante,Mesmo legume com empanado fino,Legume assado levemente crocante,Legume assado sem crosta,temperatura / recipiente,Adaptar corte e maciez à idade; evitar fruta redonda inteira e vegetais crus duros nos pequenos.,cartoes_svg/EA070.svg
EA071,Frutas,Banana amassada,Banana amassada com poucos pedacinhos,Banana em rodelas macias,Banana em pedaço adequado,formato / apresentação,Adaptar corte e maciez à idade; evitar fruta redonda inteira e vegetais crus duros nos pequenos.,cartoes_svg/EA071.svg
EA072,Frutas,Maçã em suco coado,Purê de maçã liso,Maçã cozida amassada,Maçã cozida em fatias macias,textura / preparo,Adaptar corte e maciez à idade; evitar fruta redonda inteira e vegetais crus duros nos pequenos.,cartoes_svg/EA072.svg
EA073,Frutas,Morango em iogurte liso,Iogurte com pontinhos de morango,Morango amassado ao lado,Morango em pedaços adequados,ingrediente / sabor,Adaptar corte e maciez à idade; evitar fruta redonda inteira e vegetais crus duros nos pequenos.,cartoes_svg/EA073.svg
EA074,Frutas,Manga batida,Purê de manga liso,Manga amassada com pequenos pedaços,Manga madura em tiras,separação / visibilidade,Adaptar corte e maciez à idade; evitar fruta redonda inteira e vegetais crus duros nos pequenos.,cartoes_svg/EA074.svg
EA075,Frutas,Pera em compota lisa,Pera cozida amassada,Pera cozida em fatias,Pera madura em fatias adequadas,temperatura / recipiente,Adaptar corte e maciez à idade; evitar fruta redonda inteira e vegetais crus duros nos pequenos.,cartoes_svg/EA075.svg
EA076,Frutas,Melancia batida e coada,Suco com polpa fina,Melancia amassada sem sementes,Melancia em tiras sem sementes,formato / apresentação,Adaptar corte e maciez à idade; evitar fruta redonda inteira e vegetais crus duros nos pequenos.,cartoes_svg/EA076.svg
EA077,Frutas,Uva em suco coado,Suco com polpa de uva,Uva bem amassada sem sementes,Uva em quartos longitudinais,textura / preparo,Adaptar corte e maciez à idade; evitar fruta redonda inteira e vegetais crus duros nos pequenos.,cartoes_svg/EA077.svg
EA078,Frutas,Mamão em vitamina,Purê liso de mamão,Mamão amassado com pedacinhos,Mamão maduro em cubos macios,ingrediente / sabor,Adaptar corte e maciez à idade; evitar fruta redonda inteira e vegetais crus duros nos pequenos.,cartoes_svg/EA078.svg
EA079,Frutas,Laranja em suco coado,Suco com pouca polpa,Gomo sem membrana em pedacinhos,Gomo adequado de laranja,separação / visibilidade,Adaptar corte e maciez à idade; evitar fruta redonda inteira e vegetais crus duros nos pequenos.,cartoes_svg/EA079.svg
EA080,Frutas,Abacate batido liso,Abacate amassado liso,Abacate em colheradas com grumos,Abacate maduro em pedaços,temperatura / recipiente,Adaptar corte e maciez à idade; evitar fruta redonda inteira e vegetais crus duros nos pequenos.,cartoes_svg/EA080.svg
EA081,Feijão,Caldo de feijão coado,Caldo com traços de feijão amassado,Caldo com poucos grãos amassados,Feijão bem cozido amassado,formato / apresentação,"Confirmar alergias, capacidade de mastigar e preparo seguro para a idade.",cartoes_svg/EA081.svg
EA082,Feijão,Feijão amassado liso,Mesmo feijão com alguns grãos visíveis,Feijão parcialmente amassado,Feijão em grãos macios,textura / preparo,"Confirmar alergias, capacidade de mastigar e preparo seguro para a idade.",cartoes_svg/EA082.svg
EA083,Feijão,Feijão carioca no arroz,Grãos visíveis em canto do arroz,Feijão ao lado do arroz,Feijão carioca separado,ingrediente / sabor,"Confirmar alergias, capacidade de mastigar e preparo seguro para a idade.",cartoes_svg/EA083.svg
EA084,Feijão,Feijão preto em caldo,Caldo com grãos amassados,Grãos pretos macios em pouco caldo,Feijão preto em grãos,separação / visibilidade,"Confirmar alergias, capacidade de mastigar e preparo seguro para a idade.",cartoes_svg/EA084.svg
EA085,Feijão,Bolinho de feijão crocante,Mesmo bolinho menos tostado,Bolinho assado macio,Feijão amassado temperado,temperatura / recipiente,"Confirmar alergias, capacidade de mastigar e preparo seguro para a idade.",cartoes_svg/EA085.svg
EA086,Feijão,Purê de feijão,Purê com ponto de lentilha ao lado,Purê misto de feijão e lentilha,Lentilha em purê,formato / apresentação,"Confirmar alergias, capacidade de mastigar e preparo seguro para a idade.",cartoes_svg/EA086.svg
EA087,Feijão,Feijão branco amassado,Mesmo feijão com pequenos grãos,Feijão branco inteiro e macio,Grão-de-bico bem cozido,textura / preparo,"Confirmar alergias, capacidade de mastigar e preparo seguro para a idade.",cartoes_svg/EA087.svg
EA088,Feijão,Feijão batido na sopa,Sopa com grãos visíveis,Sopa com grãos macios,Feijão macio separado,ingrediente / sabor,"Confirmar alergias, capacidade de mastigar e preparo seguro para a idade.",cartoes_svg/EA088.svg
EA089,Feijão,Feijão sem caldo,Mesmo feijão com gotas de caldo,Feijão com pouco caldo,Feijão com caldo,separação / visibilidade,"Confirmar alergias, capacidade de mastigar e preparo seguro para a idade.",cartoes_svg/EA089.svg
EA090,Feijão,Caldo de feijão no copo,Caldo no copo com colher,Caldo espesso servido no prato,Feijão batido no prato,temperatura / recipiente,"Confirmar alergias, capacidade de mastigar e preparo seguro para a idade.",cartoes_svg/EA090.svg
EA091,Arroz,Arroz branco soltinho,Mesmo arroz em bolinho prensado,Bolinho de arroz assado,Arroz cremoso,formato / apresentação,"Confirmar alergias, capacidade de mastigar e preparo seguro para a idade.",cartoes_svg/EA091.svg
EA092,Arroz,Arroz branco com poucos grãos,Arroz em porção um pouco maior,Arroz com grãos levemente úmidos,Arroz úmido,textura / preparo,"Confirmar alergias, capacidade de mastigar e preparo seguro para a idade.",cartoes_svg/EA092.svg
EA093,Arroz,Arroz branco sem mistura,Cenoura em pequeno espaço do prato,Cenoura picada ao lado do arroz,Arroz com cenoura visível,ingrediente / sabor,"Confirmar alergias, capacidade de mastigar e preparo seguro para a idade.",cartoes_svg/EA093.svg
EA094,Arroz,Bolinho crocante de arroz,Mesmo bolinho menos crocante,Bolinho de arroz macio,Arroz cozido em colher,separação / visibilidade,"Confirmar alergias, capacidade de mastigar e preparo seguro para a idade.",cartoes_svg/EA094.svg
EA095,Arroz,Arroz com feijão misturado,Mesma mistura com áreas separadas,Arroz e feijão lado a lado,Feijão separado do arroz,temperatura / recipiente,"Confirmar alergias, capacidade de mastigar e preparo seguro para a idade.",cartoes_svg/EA095.svg
EA096,Arroz,Arroz em formato redondo,Mesmo arroz em formato oval,Arroz em pequeno monte solto,Arroz solto no prato,formato / apresentação,"Confirmar alergias, capacidade de mastigar e preparo seguro para a idade.",cartoes_svg/EA096.svg
EA097,Arroz,Arroz de forno com queijo,Mesmo arroz com queijo aparente,Arroz com menos queijo,Arroz com legumes visíveis,textura / preparo,"Confirmar alergias, capacidade de mastigar e preparo seguro para a idade.",cartoes_svg/EA097.svg
EA098,Arroz,Arroz branco bem seco,Mesmo arroz com pouca umidade,Arroz mais úmido,Arroz tipo risoto suave,ingrediente / sabor,"Confirmar alergias, capacidade de mastigar e preparo seguro para a idade.",cartoes_svg/EA098.svg
EA099,Arroz,Arroz integral em bolinho,Bolinho com grãos integrais visíveis,Arroz integral ao lado do bolinho,Arroz integral soltinho,separação / visibilidade,"Confirmar alergias, capacidade de mastigar e preparo seguro para a idade.",cartoes_svg/EA099.svg
EA100,Arroz,Arroz branco no prato favorito,Mesmo arroz em divisória,Arroz no prato comum escolhido,Arroz em novo recipiente,temperatura / recipiente,"Confirmar alergias, capacidade de mastigar e preparo seguro para a idade.",cartoes_svg/EA100.svg
EA101,Sucos,Suco de maçã coado,Maçã e pera em copos lado a lado,Maçã com pequena parte de pera,Suco de pera coado,formato / apresentação,Não substituir água por suco nem usar suco como meta nutricional; adequar à idade e preferir fruta inteira quando possível.,cartoes_svg/EA101.svg
EA102,Sucos,Suco de laranja coado,Laranja e tangerina lado a lado,Laranja com pequena parte de tangerina,Suco de tangerina coado,textura / preparo,Não substituir água por suco nem usar suco como meta nutricional; adequar à idade e preferir fruta inteira quando possível.,cartoes_svg/EA102.svg
EA103,Sucos,Suco de uva roxa,Uva roxa e uva verde lado a lado,Uva roxa com parte de uva verde,Suco de uva verde,ingrediente / sabor,Não substituir água por suco nem usar suco como meta nutricional; adequar à idade e preferir fruta inteira quando possível.,cartoes_svg/EA103.svg
EA104,Sucos,Suco de morango,Morango e framboesa lado a lado,Morango com pequena parte de framboesa,Suco de framboesa,separação / visibilidade,Não substituir água por suco nem usar suco como meta nutricional; adequar à idade e preferir fruta inteira quando possível.,cartoes_svg/EA104.svg
EA105,Sucos,Suco de manga coado,Manga com gota de maracujá,Manga com pequena parte de maracujá,Suco de maracujá suave,temperatura / recipiente,Não substituir água por suco nem usar suco como meta nutricional; adequar à idade e preferir fruta inteira quando possível.,cartoes_svg/EA105.svg
EA106,Sucos,Suco de melancia,Melancia e melão lado a lado,Melancia com pequena parte de melão,Suco de melão,formato / apresentação,Não substituir água por suco nem usar suco como meta nutricional; adequar à idade e preferir fruta inteira quando possível.,cartoes_svg/EA106.svg
EA107,Sucos,Suco de abacaxi coado,Abacaxi e laranja lado a lado,Abacaxi com pequena parte de laranja,Suco de laranja,textura / preparo,Não substituir água por suco nem usar suco como meta nutricional; adequar à idade e preferir fruta inteira quando possível.,cartoes_svg/EA107.svg
EA108,Sucos,Suco de goiaba coado,Goiaba e maçã lado a lado,Goiaba com pequena parte de maçã,Suco de maçã,ingrediente / sabor,Não substituir água por suco nem usar suco como meta nutricional; adequar à idade e preferir fruta inteira quando possível.,cartoes_svg/EA108.svg
EA109,Sucos,Suco de caju,Caju e acerola lado a lado,Caju com pequena parte de acerola,Suco de acerola,separação / visibilidade,Não substituir água por suco nem usar suco como meta nutricional; adequar à idade e preferir fruta inteira quando possível.,cartoes_svg/EA109.svg
EA110,Sucos,Suco de maçã bem gelado,Mesmo suco menos gelado,Suco de maçã em temperatura ambiente,Água aromatizada com maçã,temperatura / recipiente,Não substituir água por suco nem usar suco como meta nutricional; adequar à idade e preferir fruta inteira quando possível.,cartoes_svg/EA110.svg
EA111,Folhosos,Couve bem picada no feijão,Couve em pequenos fios visíveis,Couve cozida ao lado do feijão,Couve refogada em tiras,formato / apresentação,"Confirmar alergias, capacidade de mastigar e preparo seguro para a idade.",cartoes_svg/EA111.svg
EA112,Folhosos,Espinafre na panqueca,Espinafre visível na massa,Espinafre cozido ao lado,Espinafre refogado,textura / preparo,"Confirmar alergias, capacidade de mastigar e preparo seguro para a idade.",cartoes_svg/EA112.svg
EA113,Folhosos,Alface no sanduíche,Sanduíche aberto com alface,Alface ao lado do pão,Alface em tiras no prato,ingrediente / sabor,"Confirmar alergias, capacidade de mastigar e preparo seguro para a idade.",cartoes_svg/EA113.svg
EA114,Folhosos,Couve na sopa batida,Sopa com pontos de couve,Couve cozida picada na sopa,Couve cozida separada,separação / visibilidade,"Confirmar alergias, capacidade de mastigar e preparo seguro para a idade.",cartoes_svg/EA114.svg
EA115,Folhosos,Rúcula no molho verde,Rúcula finamente picada visível,Folhas de rúcula ao lado,Rúcula em folha,temperatura / recipiente,"Confirmar alergias, capacidade de mastigar e preparo seguro para a idade.",cartoes_svg/EA115.svg
EA116,Folhosos,Agrião na omelete,Agrião visível na omelete,Agrião cozido ao lado,Agrião em folhas,formato / apresentação,"Confirmar alergias, capacidade de mastigar e preparo seguro para a idade.",cartoes_svg/EA116.svg
EA117,Folhosos,Alface americana crocante,Mesma alface em tiras,Alface crespa em tiras,Alface crespa em folhas,textura / preparo,"Confirmar alergias, capacidade de mastigar e preparo seguro para a idade.",cartoes_svg/EA117.svg
EA118,Folhosos,Espinafre em bolinho,Mesmo bolinho com folhas visíveis,Espinafre cozido em pequeno monte,Folha cozida de espinafre,ingrediente / sabor,"Confirmar alergias, capacidade de mastigar e preparo seguro para a idade.",cartoes_svg/EA118.svg
EA119,Folhosos,Couve no arroz verde,Couve picada visível no arroz,Couve ao lado do arroz,Couve em tiras,separação / visibilidade,"Confirmar alergias, capacidade de mastigar e preparo seguro para a idade.",cartoes_svg/EA119.svg
EA120,Folhosos,Folha crocante assada,Mesma folha menos seca,Folha cozida macia,Folha fresca adequada,temperatura / recipiente,"Confirmar alergias, capacidade de mastigar e preparo seguro para a idade.",cartoes_svg/EA120.svg
EA121,Nuggets,Nugget de marca aceita,Mesmo nugget em outro formato,Nugget caseiro com crosta semelhante,Nugget caseiro assado,formato / apresentação,"Confirmar alergias, capacidade de mastigar e preparo seguro para a idade.",cartoes_svg/EA121.svg
EA122,Nuggets,Nugget de frango em estrela,Mesmo nugget em círculo,Nugget em tira,Tira de frango empanada,textura / preparo,"Confirmar alergias, capacidade de mastigar e preparo seguro para a idade.",cartoes_svg/EA122.svg
EA123,Nuggets,Nugget bem crocante,Nugget menos crocante,Bolinho de frango com crosta fina,Bolinho de frango macio,ingrediente / sabor,"Confirmar alergias, capacidade de mastigar e preparo seguro para a idade.",cartoes_svg/EA123.svg
EA124,Nuggets,Nugget com molho separado,Mesmo molho tocando um canto,Nugget com molho à parte para mergulhar,Frango em molho suave,separação / visibilidade,"Confirmar alergias, capacidade de mastigar e preparo seguro para a idade.",cartoes_svg/EA124.svg
EA125,Nuggets,Nugget de frango,Nugget caseiro de frango,Nugget caseiro com pouco legume visível,Bolinho de frango com legume,temperatura / recipiente,"Confirmar alergias, capacidade de mastigar e preparo seguro para a idade.",cartoes_svg/EA125.svg
EA126,Nuggets,Nugget com pão,Pão aberto e nugget visível,Nugget ao lado do pão,Tira de frango no prato,formato / apresentação,"Confirmar alergias, capacidade de mastigar e preparo seguro para a idade.",cartoes_svg/EA126.svg
EA127,Nuggets,Nugget em cubos,Cubos de nugget maiores,Tiras de nugget,Tiras de frango grelhado,textura / preparo,"Confirmar alergias, capacidade de mastigar e preparo seguro para a idade.",cartoes_svg/EA127.svg
EA128,Nuggets,Nugget no prato branco,Mesmo nugget em divisória,Nugget no prato escolhido,Nugget em recipiente diferente,ingrediente / sabor,"Confirmar alergias, capacidade de mastigar e preparo seguro para a idade.",cartoes_svg/EA128.svg
EA129,Nuggets,Nugget de peixe aceito,Mesmo nugget com crosta fina,Tira de peixe empanado,Peixe assado em tira,separação / visibilidade,"Confirmar alergias, capacidade de mastigar e preparo seguro para a idade.",cartoes_svg/EA129.svg
EA130,Nuggets,Nugget de frango congelado,Mesmo nugget feito no forno,Nugget caseiro do mesmo tamanho,Frango assado crocante,temperatura / recipiente,"Confirmar alergias, capacidade de mastigar e preparo seguro para a idade.",cartoes_svg/EA130.svg
EA131,Sopas,Sopa lisa de abóbora,Mesma sopa mais espessa,Sopa com pontos de abóbora,Sopa com cubinhos macios,formato / apresentação,"Confirmar alergias, capacidade de mastigar e preparo seguro para a idade.",cartoes_svg/EA131.svg
EA132,Sopas,Caldo de frango coado,Caldo com fios de frango,Sopa com frango desfiado,Sopa com frango e legumes,textura / preparo,"Confirmar alergias, capacidade de mastigar e preparo seguro para a idade.",cartoes_svg/EA132.svg
EA133,Sopas,Sopa de batata lisa,Sopa com grumos mínimos,Sopa com batata amassada,Sopa com pedaços de batata,ingrediente / sabor,"Confirmar alergias, capacidade de mastigar e preparo seguro para a idade.",cartoes_svg/EA133.svg
EA134,Sopas,Creme de cenoura,Creme com um grão de arroz ao lado,Creme com poucos grãos visíveis,Sopa de cenoura com arroz,separação / visibilidade,"Confirmar alergias, capacidade de mastigar e preparo seguro para a idade.",cartoes_svg/EA134.svg
EA135,Sopas,Sopa de macarrão lisa,Sopa com poucos fios finos,Sopa com macarrão curto,Sopa de macarrão e legumes,temperatura / recipiente,"Confirmar alergias, capacidade de mastigar e preparo seguro para a idade.",cartoes_svg/EA135.svg
EA136,Sopas,Caldo de feijão liso,Caldo com feijão amassado,Sopa com grãos macios,Sopa de feijão em grãos,formato / apresentação,"Confirmar alergias, capacidade de mastigar e preparo seguro para a idade.",cartoes_svg/EA136.svg
EA137,Sopas,Creme de milho,Creme com grãos amassados,Creme com poucos grãos inteiros,Sopa de milho com grãos,textura / preparo,"Confirmar alergias, capacidade de mastigar e preparo seguro para a idade.",cartoes_svg/EA137.svg
EA138,Sopas,Sopa morna lisa,Mesmo creme um pouco menos morno,Creme em temperatura ambiente,Sopa fria adequada,ingrediente / sabor,"Confirmar alergias, capacidade de mastigar e preparo seguro para a idade.",cartoes_svg/EA138.svg
EA139,Sopas,Sopa em caneca,Mesma sopa com colher na caneca,Mesma sopa em tigela,Sopa em prato fundo,separação / visibilidade,"Confirmar alergias, capacidade de mastigar e preparo seguro para a idade.",cartoes_svg/EA139.svg
EA140,Sopas,Sopa lisa de legumes,Sopa com legume separado ao lado,Legume picado dentro da sopa,Sopa rústica de legumes,temperatura / recipiente,"Confirmar alergias, capacidade de mastigar e preparo seguro para a idade.",cartoes_svg/EA140.svg
EA141,Macarrão,Espaguete sem molho,Mesmo espaguete com molho ao lado,Espaguete tocando pouco molho,Espaguete com molho suave,formato / apresentação,"Confirmar alergias, capacidade de mastigar e preparo seguro para a idade.",cartoes_svg/EA141.svg
EA142,Macarrão,Macarrão parafuso,Mesmo macarrão em laços,Macarrão em conchinhas,Macarrão curto de outro formato,textura / preparo,"Confirmar alergias, capacidade de mastigar e preparo seguro para a idade.",cartoes_svg/EA142.svg
EA143,Macarrão,Macarrão ao molho liso,Molho com pedacinhos mínimos,Molho com tomate visível,Macarrão com tomate em cubos,ingrediente / sabor,"Confirmar alergias, capacidade de mastigar e preparo seguro para a idade.",cartoes_svg/EA143.svg
EA144,Macarrão,Macarrão com queijo,Queijo ao lado do macarrão,Macarrão com molho branco suave,Macarrão com molho de vegetais,separação / visibilidade,"Confirmar alergias, capacidade de mastigar e preparo seguro para a idade.",cartoes_svg/EA144.svg
EA145,Macarrão,Espaguete com manteiga,Mesmo espaguete com azeite mínimo,Espaguete com azeite,Macarrão com molho leve,temperatura / recipiente,"Confirmar alergias, capacidade de mastigar e preparo seguro para a idade.",cartoes_svg/EA145.svg
EA146,Macarrão,Macarrão crocante assado,Mesmo macarrão menos tostado,Macarrão cozido al dente,Macarrão cozido macio,formato / apresentação,"Confirmar alergias, capacidade de mastigar e preparo seguro para a idade.",cartoes_svg/EA146.svg
EA147,Macarrão,Lasanha lisa,Lasanha com recheio aparente,Massa e recheio lado a lado,Macarrão com recheio ao lado,textura / preparo,"Confirmar alergias, capacidade de mastigar e preparo seguro para a idade.",cartoes_svg/EA147.svg
EA148,Macarrão,Macarrão com frango invisível,Frango desfiado visível no molho,Frango ao lado da massa,Frango desfiado separado,ingrediente / sabor,"Confirmar alergias, capacidade de mastigar e preparo seguro para a idade.",cartoes_svg/EA148.svg
EA149,Macarrão,Macarrão em sopa,Macarrão com menos caldo,Macarrão úmido no prato,Macarrão sem caldo,separação / visibilidade,"Confirmar alergias, capacidade de mastigar e preparo seguro para a idade.",cartoes_svg/EA149.svg
EA150,Macarrão,Espaguete cortado,Mesmo espaguete em fios maiores,Espaguete curto sem cortar,Espaguete em fios longos,temperatura / recipiente,"Confirmar alergias, capacidade de mastigar e preparo seguro para a idade.",cartoes_svg/EA150.svg
EA151,Pastel,Pastel de carne aceito,Mesmo pastel em miniatura,Pastel aberto com carne visível,Carne moída ao lado da massa,formato / apresentação,"Confirmar alergias, capacidade de mastigar e preparo seguro para a idade.",cartoes_svg/EA151.svg
EA152,Pastel,Pastel de queijo aceito,Mesmo pastel com queijo aparente,Queijo ao lado da massa,Queijo em tiras,textura / preparo,"Confirmar alergias, capacidade de mastigar e preparo seguro para a idade.",cartoes_svg/EA152.svg
EA153,Pastel,Pastel de frango aceito,Mesmo pastel menos crocante,Tortinha de frango assada,Frango desfiado com massa ao lado,ingrediente / sabor,"Confirmar alergias, capacidade de mastigar e preparo seguro para a idade.",cartoes_svg/EA153.svg
EA154,Pastel,Massa de pastel sem recheio,Mesma massa com queijo ao lado,Pastel com pequeno ponto de queijo,Pastel de queijo,separação / visibilidade,"Confirmar alergias, capacidade de mastigar e preparo seguro para a idade.",cartoes_svg/EA154.svg
EA155,Pastel,Pastel frito de carne,Mesmo pastel menos oleoso,Pastel de carne assado,Tortinha de carne assada,temperatura / recipiente,"Confirmar alergias, capacidade de mastigar e preparo seguro para a idade.",cartoes_svg/EA155.svg
EA156,Pastel,Pastel de carne bovina,Pastel com carne suína ao lado,Pastel com pouco recheio suíno,Pastel de carne suína,formato / apresentação,"Confirmar alergias, capacidade de mastigar e preparo seguro para a idade.",cartoes_svg/EA156.svg
EA157,Pastel,Pastel triangular,Mesmo pastel retangular,Massa assada em quadrado,Tortinha aberta,textura / preparo,"Confirmar alergias, capacidade de mastigar e preparo seguro para a idade.",cartoes_svg/EA157.svg
EA158,Pastel,Pastel de palmito cremoso,Recheio visível ao abrir,Palmito ao lado da massa,Palmito cozido em pedaços,ingrediente / sabor,"Confirmar alergias, capacidade de mastigar e preparo seguro para a idade.",cartoes_svg/EA158.svg
EA159,Pastel,Pastel de banana,Mesmo pastel aberto,Banana cozida ao lado da massa,Banana em rodelas,separação / visibilidade,"Confirmar alergias, capacidade de mastigar e preparo seguro para a idade.",cartoes_svg/EA159.svg
EA160,Pastel,Pastel de carne com molho,Molho ao lado do pastel,Carne e molho em pratos separados,Carne moída com molho,temperatura / recipiente,"Confirmar alergias, capacidade de mastigar e preparo seguro para a idade.",cartoes_svg/EA160.svg
EA161,Tubérculos e raízes,Batata palha,Batata palha caseira,Palitos finos de batata assada,Batata assada em palitos,formato / apresentação,"Confirmar alergias, capacidade de mastigar e preparo seguro para a idade.",cartoes_svg/EA161.svg
EA162,Tubérculos e raízes,Purê de batata liso,Purê de batata com grumos,Batata bem amassada,Batata cozida em pedaços,textura / preparo,"Confirmar alergias, capacidade de mastigar e preparo seguro para a idade.",cartoes_svg/EA162.svg
EA163,Tubérculos e raízes,Mandioca frita,Mandioca assada crocante,Mandioca assada macia,Mandioca cozida,ingrediente / sabor,"Confirmar alergias, capacidade de mastigar e preparo seguro para a idade.",cartoes_svg/EA163.svg
EA164,Tubérculos e raízes,Batata-doce em chips,Chips menos finos,Palitos assados de batata-doce,Batata-doce cozida em palitos,separação / visibilidade,"Confirmar alergias, capacidade de mastigar e preparo seguro para a idade.",cartoes_svg/EA164.svg
EA165,Tubérculos e raízes,Bolinho de mandioca,Bolinho assado menos crocante,Purê de mandioca firme,Mandioca cozida amassada,temperatura / recipiente,"Confirmar alergias, capacidade de mastigar e preparo seguro para a idade.",cartoes_svg/EA165.svg
EA166,Tubérculos e raízes,Inhame na sopa lisa,Sopa espessa de inhame,Purê de inhame liso,Inhame cozido em pedaços,formato / apresentação,"Confirmar alergias, capacidade de mastigar e preparo seguro para a idade.",cartoes_svg/EA166.svg
EA167,Tubérculos e raízes,Batata frita comum,Palitos de batata e mandioquinha lado a lado,Palito de mandioquinha assada,Mandioquinha cozida em palito,textura / preparo,"Confirmar alergias, capacidade de mastigar e preparo seguro para a idade.",cartoes_svg/EA167.svg
EA168,Tubérculos e raízes,Nhoque de batata,Mesmo nhoque sem molho,Bolinha de batata cozida,Batata cozida em cubos,ingrediente / sabor,"Confirmar alergias, capacidade de mastigar e preparo seguro para a idade.",cartoes_svg/EA168.svg
EA169,Tubérculos e raízes,Chips de beterraba,Chips mais grossos,Beterraba assada fina,Beterraba cozida em fatias,separação / visibilidade,"Confirmar alergias, capacidade de mastigar e preparo seguro para a idade.",cartoes_svg/EA169.svg
EA170,Tubérculos e raízes,Purê de abóbora,Abóbora com ponto de batata-doce,Purê de batata-doce,Batata-doce cozida amassada,temperatura / recipiente,"Confirmar alergias, capacidade de mastigar e preparo seguro para a idade.",cartoes_svg/EA170.svg
EA171,Pães e cereais,Pão de forma branco,Mesmo pão tostado pouco,Pão integral claro em tiras,Pão integral em fatias,formato / apresentação,"Confirmar alergias, capacidade de mastigar e preparo seguro para a idade.",cartoes_svg/EA171.svg
EA172,Pães e cereais,Torrada crocante,Torrada menos seca,Pão levemente tostado,Pão macio,textura / preparo,"Confirmar alergias, capacidade de mastigar e preparo seguro para a idade.",cartoes_svg/EA172.svg
EA173,Pães e cereais,Biscoito de arroz,Biscoito de arroz menos fino,Bolinho de arroz assado,Arroz cozido em bolinho,ingrediente / sabor,"Confirmar alergias, capacidade de mastigar e preparo seguro para a idade.",cartoes_svg/EA173.svg
EA174,Pães e cereais,Cereal de milho crocante,Cereal com gota de leite,Cereal com pouco leite,Cereal amolecido no leite,separação / visibilidade,"Confirmar alergias, capacidade de mastigar e preparo seguro para a idade.",cartoes_svg/EA174.svg
EA175,Pães e cereais,Pão francês só miolo,Miolo e crosta ao lado,Miolo com pequeno pedaço de crosta,Pão francês com crosta,temperatura / recipiente,"Confirmar alergias, capacidade de mastigar e preparo seguro para a idade.",cartoes_svg/EA175.svg
EA176,Pães e cereais,Panqueca simples,Panqueca com aveia fina,Panqueca com aveia visível,Mingau de aveia,formato / apresentação,"Confirmar alergias, capacidade de mastigar e preparo seguro para a idade.",cartoes_svg/EA176.svg
EA177,Pães e cereais,Tapioca lisa,Tapioca com grãos mais visíveis,Cuscuz fino ao lado,Cuscuz macio,textura / preparo,"Confirmar alergias, capacidade de mastigar e preparo seguro para a idade.",cartoes_svg/EA177.svg
EA178,Pães e cereais,Bolo simples,Bolo com farinha integral parcial,Bolo integral macio,Pão integral macio,ingrediente / sabor,"Confirmar alergias, capacidade de mastigar e preparo seguro para a idade.",cartoes_svg/EA178.svg
EA179,Pães e cereais,Macarrão de trigo,Macarrão de mesma forma com outro cereal,Mistura de massas claramente identificada,Macarrão de arroz,separação / visibilidade,"Confirmar alergias, capacidade de mastigar e preparo seguro para a idade.",cartoes_svg/EA179.svg
EA180,Pães e cereais,Cuscuz macio,Cuscuz em bolinhos,Cuscuz com grãos mais soltos,Milho cozido em grãos,temperatura / recipiente,"Confirmar alergias, capacidade de mastigar e preparo seguro para a idade.",cartoes_svg/EA180.svg
EA181,Leguminosas além do feijão,Purê de feijão,Purê com pequena parte de lentilha,Purê majoritário de lentilha,Lentilha cozida amassada,formato / apresentação,"Confirmar alergias, capacidade de mastigar e preparo seguro para a idade.",cartoes_svg/EA181.svg
EA182,Leguminosas além do feijão,Bolinho de feijão,Bolinho misto com grão-de-bico,Bolinho de grão-de-bico,Grão-de-bico amassado,textura / preparo,"Confirmar alergias, capacidade de mastigar e preparo seguro para a idade.",cartoes_svg/EA182.svg
EA183,Leguminosas além do feijão,Caldo de feijão,Caldo com pouca ervilha amassada,Creme liso de ervilha,Ervilha bem cozida,ingrediente / sabor,"Confirmar alergias, capacidade de mastigar e preparo seguro para a idade.",cartoes_svg/EA183.svg
EA184,Leguminosas além do feijão,Homus liso aceito,Homus com grãos visíveis,Grão-de-bico macio amassado,Grão-de-bico inteiro macio,separação / visibilidade,"Confirmar alergias, capacidade de mastigar e preparo seguro para a idade.",cartoes_svg/EA184.svg
EA185,Leguminosas além do feijão,Ervilha em sopa lisa,Sopa com poucos grãos,Ervilha amassada separada,Ervilha cozida em grãos,temperatura / recipiente,"Confirmar alergias, capacidade de mastigar e preparo seguro para a idade.",cartoes_svg/EA185.svg
EA186,Leguminosas além do feijão,Lentilha batida,Lentilha amassada,Lentilha parcialmente inteira,Lentilha cozida em grãos,formato / apresentação,"Confirmar alergias, capacidade de mastigar e preparo seguro para a idade.",cartoes_svg/EA186.svg
EA187,Leguminosas além do feijão,Feijão branco liso,Feijão branco com pequena parte de grão-de-bico,Purê de grão-de-bico,Grão-de-bico macio,textura / preparo,"Confirmar alergias, capacidade de mastigar e preparo seguro para a idade.",cartoes_svg/EA187.svg
EA188,Leguminosas além do feijão,Bolinho de lentilha,Mesmo bolinho menos tostado,Lentilha amassada no prato,Lentilha cozida,ingrediente / sabor,"Confirmar alergias, capacidade de mastigar e preparo seguro para a idade.",cartoes_svg/EA188.svg
EA189,Leguminosas além do feijão,Sopa lisa de ervilha,Sopa com poucos grãos de ervilha,Ervilha macia na sopa,Ervilha separada,separação / visibilidade,"Confirmar alergias, capacidade de mastigar e preparo seguro para a idade.",cartoes_svg/EA189.svg
EA190,Leguminosas além do feijão,Feijão no arroz,Pouca lentilha ao lado,Lentilha misturada com arroz,Lentilha separada do arroz,temperatura / recipiente,"Confirmar alergias, capacidade de mastigar e preparo seguro para a idade.",cartoes_svg/EA190.svg
EA191,Peixes,Nugget de peixe,Mesmo nugget com crosta fina,Tira de peixe empanada,Peixe assado em tira,formato / apresentação,"Checar alergia, retirar todas as espinhas, cozinhar bem e adaptar tamanho à idade.",cartoes_svg/EA191.svg
EA192,Peixes,Peixe empanado crocante,Mesmo peixe menos crocante,Filé de peixe assado com crosta leve,Filé assado sem crosta,textura / preparo,"Checar alergia, retirar todas as espinhas, cozinhar bem e adaptar tamanho à idade.",cartoes_svg/EA192.svg
EA193,Peixes,Atum misturado no pastel,Pastel aberto com atum visível,Atum ao lado da massa,Atum cozido separado,ingrediente / sabor,"Checar alergia, retirar todas as espinhas, cozinhar bem e adaptar tamanho à idade.",cartoes_svg/EA193.svg
EA194,Peixes,Peixe desfiado em bolinho,Mesmo bolinho com fios aparentes,Peixe desfiado no prato,Peixe em lascas macias,separação / visibilidade,"Checar alergia, retirar todas as espinhas, cozinhar bem e adaptar tamanho à idade.",cartoes_svg/EA194.svg
EA195,Peixes,Caldo de peixe coado,Caldo com fios de peixe,Sopa com peixe desfiado,Sopa com pedaços de peixe,temperatura / recipiente,"Checar alergia, retirar todas as espinhas, cozinhar bem e adaptar tamanho à idade.",cartoes_svg/EA195.svg
EA196,Peixes,Peixe em molho liso,Mesmo molho com peixe visível,Peixe com molho ao lado,Peixe assado separado,formato / apresentação,"Checar alergia, retirar todas as espinhas, cozinhar bem e adaptar tamanho à idade.",cartoes_svg/EA196.svg
EA197,Peixes,Sardinha em patê liso,Patê com pequenas fibras,Sardinha amassada sem espinhas,Sardinha em lascas sem espinhas,textura / preparo,"Checar alergia, retirar todas as espinhas, cozinhar bem e adaptar tamanho à idade.",cartoes_svg/EA197.svg
EA198,Peixes,Tira de peixe assado,Mesma tira em cubos,Cubinhos macios de peixe,Filé de peixe em pedaços,ingrediente / sabor,"Checar alergia, retirar todas as espinhas, cozinhar bem e adaptar tamanho à idade.",cartoes_svg/EA198.svg
EA199,Peixes,Peixe branco aceito,Peixe branco e salmão lado a lado,Bolinho misto com salmão visível,Salmão assado em lascas,separação / visibilidade,"Checar alergia, retirar todas as espinhas, cozinhar bem e adaptar tamanho à idade.",cartoes_svg/EA199.svg
EA200,Peixes,Bolinho de bacalhau,Mesmo bolinho menos tostado,Bacalhau desfiado com batata ao lado,Bacalhau cozido desfiado,temperatura / recipiente,"Checar alergia, retirar todas as espinhas, cozinhar bem e adaptar tamanho à idade.",cartoes_svg/EA200.svg
EA201,Água e bebidas,Água em copo favorito,Mesma água em copo com outra cor,Água em novo copo escolhido,Água em copo comum,formato / apresentação,Lactentes menores de 6 meses: não oferecer água sem orientação; avaliar deglutição se houver tosse/engasgo.,cartoes_svg/EA201.svg
EA202,Água e bebidas,Água bem gelada,Água um pouco menos gelada,Água fresca,Água em temperatura ambiente,textura / preparo,Lactentes menores de 6 meses: não oferecer água sem orientação; avaliar deglutição se houver tosse/engasgo.,cartoes_svg/EA202.svg
EA203,Água e bebidas,Água com gelo,Mesmo copo com menos gelo,Água resfriada sem gelo,Água fresca sem gelo,ingrediente / sabor,Lactentes menores de 6 meses: não oferecer água sem orientação; avaliar deglutição se houver tosse/engasgo.,cartoes_svg/EA203.svg
EA204,Água e bebidas,Suco de maçã diluído,Mesmo suco com mais água,Água com aroma leve de maçã,Água pura,separação / visibilidade,Lactentes menores de 6 meses: não oferecer água sem orientação; avaliar deglutição se houver tosse/engasgo.,cartoes_svg/EA204.svg
EA205,Água e bebidas,Água com limão aceita,Água com menos limão,Água quase sem limão,Água pura,temperatura / recipiente,Lactentes menores de 6 meses: não oferecer água sem orientação; avaliar deglutição se houver tosse/engasgo.,cartoes_svg/EA205.svg
EA206,Água e bebidas,Água com gás aceita,Água com gás reduzido,Água gaseificada misturada à sem gás,Água sem gás,formato / apresentação,Lactentes menores de 6 meses: não oferecer água sem orientação; avaliar deglutição se houver tosse/engasgo.,cartoes_svg/EA206.svg
EA207,Água e bebidas,Chá suave sem cafeína,Chá ainda mais diluído,Água com aroma de chá,Água pura,textura / preparo,Lactentes menores de 6 meses: não oferecer água sem orientação; avaliar deglutição se houver tosse/engasgo.,cartoes_svg/EA207.svg
EA208,Água e bebidas,Água de coco aceita,Água de coco e água lado a lado,Água de coco com parte de água,Água pura,ingrediente / sabor,Lactentes menores de 6 meses: não oferecer água sem orientação; avaliar deglutição se houver tosse/engasgo.,cartoes_svg/EA208.svg
EA209,Água e bebidas,Água no canudo aceito,Mesmo copo com canudo diferente,Água no copo sem canudo próximo,Água no copo sem canudo,separação / visibilidade,Lactentes menores de 6 meses: não oferecer água sem orientação; avaliar deglutição se houver tosse/engasgo.,cartoes_svg/EA209.svg
EA210,Água e bebidas,Água em garrafa preferida,Mesma água em garrafa transparente,Água servida em copo ao lado,Água em copo escolhido,temperatura / recipiente,Lactentes menores de 6 meses: não oferecer água sem orientação; avaliar deglutição se houver tosse/engasgo.,cartoes_svg/EA210.svg
